paper_item,public_file,selected_source,status,message,size_bytes,sha256
Selected configurations / final selected rows,paper_selected_configurations.csv,evidence/final_strict_interval_evidence/01_FINAL_STRICT025_SELECTED_150ROWS.csv,COPIED,"copied CSV; dropped columns: ['_source_file', 'pred_file', 'source_file']",127975,58ddad09c9a3803716af0ad3aa7c5b4d7e4e4f89a784a50a5786739484bc3175
Dataset-level final summary,paper_summary_by_dataset.csv,derived from expected_results/paper_selected_configurations.csv using final strict row metrics,COPIED,derived final strict dataset summary from selected configurations,1804,5a7794bb0b8e9cbf1886f25afcb2c6c0d09d4164c621415f494f31afbde046df
Main manuscript results table,paper_main_results.csv,evidence/final_strict_interval_evidence/03_FINAL_STRICT025_TABLE7_READY.csv,COPIED,copied CSV,1934,c49d57604bb73646f63be6a14e80f394f2a8c7c067add06ec73d58c2ef301f50
Final gate/status JSON,gate_status.json,evidence/final_strict_interval_evidence/04_FINAL_STRICT025_GATE_STATUS.json,COPIED,copied JSON with path/name sanitization,1273,93f937d5455e539a3ca1cd550a709e6fe5ede7629cc8a1c249579deb8c58cab7
Ablation/statistical summary,paper_ablation_summary.csv,selected_vs_nearest_competitor.csv,COPIED,Real public result CSV installed.,3233,1ac0b80dab2010fb057d199da3298d150a52245e7c54b4c7163b9ea07ed14be3
Neural-network baseline summary,paper_nn_baseline_summary.csv,02_nn_candidate_summary.csv,COPIED,Real public result CSV installed.,7959,558b271d41b962436a6708ada59b7ef7662bf51fb73d54990fa313c9f34f0880
Published/baseline benchmark comparison,paper_benchmark_comparison.csv,evidence/neural_network_baselines/battery/07_BENCHMARK_READY_SUMMARY/01_benchmark_ready_nn_summary.csv,COPIED,copied CSV,560,a122b117f7c7236f431881e28588fe7288b10cc3dd5b11044942f13c59ac09b4
Public method text / manuscript methods support,method_text_for_manuscript.txt,evidence/final_strict_interval_evidence/09_FINAL_STRICT025_METHOD_TEXT_FOR_MANUSCRIPT.txt,COPIED,copied text: ,1967,6b5b2fa6d027989cffdecd51ee33cc85ad8247f0fb1cd6feddce05bad983044f
